short,long
Medellín,MEDELLÍN
Abejorral,ABEJORRAL
Abriaquí,ABRIAQUÍ
Alejandría,ALEJANDRÍA
Amagá,AMAGÁ
Amalfi,AMALFI
Andes,ANDES
Angelópolis,ANGELÓPOLIS
Angostura,ANGOSTURA
Anorí,ANORÍ
Santafé de Antioquia,SANTAFÉ DE ANTIOQUIA
Anza,ANZA
Apartadó,APARTADÓ
Arboletes,ARBOLETES
Argelia,ARGELIA
Armenia,ARMENIA
Barbosa,BARBOSA
Belmira,BELMIRA
Bello,BELLO
Betania,BETANIA
Betulia,BETULIA
Ciudad Bolívar,CIUDAD BOLÍVAR
Briceño,BRICEÑO
Buriticá,BURITICÁ
Cáceres,CÁCERES
Caicedo,CAICEDO
Caldas,CALDAS
Campamento,CAMPAMENTO
Cañasgordas,CAÑASGORDAS
Caracolí,CARACOLÍ
Caramanta,CARAMANTA
Carepa,CAREPA
El Carmen de Viboral,EL CARMEN DE VIBORAL
Carolina,CAROLINA
Caucasia,CAUCASIA
Chigorodó,CHIGORODÓ
Cisneros,CISNEROS
Cocorná,COCORNÁ
Concepción,CONCEPCIÓN
Concordia,CONCORDIA
Copacabana,COPACABANA
Dabeiba,DABEIBA
Donmatías,DONMATÍAS
Ebéjico,EBÉJICO
El Bagre,EL BAGRE
Entrerrios,ENTRERRIOS
Envigado,ENVIGADO
Fredonia,FREDONIA
Frontino,FRONTINO
Giraldo,GIRALDO
Girardota,GIRARDOTA
Gómez Plata,GÓMEZ PLATA
Granada,GRANADA
Guadalupe,GUADALUPE
Guarne,GUARNE
Guatape,GUATAPE
Heliconia,HELICONIA
Hispania,HISPANIA
Itagui,ITAGUI
Ituango,ITUANGO
Jardín,JARDÍN
Jericó,JERICÓ
La Ceja,LA CEJA
La Estrella,LA ESTRELLA
La Pintada,LA PINTADA
La Unión,LA UNIÓN
Liborina,LIBORINA
Maceo,MACEO
Marinilla,MARINILLA
Montebello,MONTEBELLO
Murindó,MURINDÓ
Mutatá,MUTATÁ
Nariño,NARIÑO
Necoclí,NECOCLÍ
Nechí,NECHÍ
Olaya,OLAYA
Peñol,PEÑOL
Peque,PEQUE
Pueblorrico,PUEBLORRICO
Puerto Berrío,PUERTO BERRÍO
Puerto Nare,PUERTO NARE
Puerto Triunfo,PUERTO TRIUNFO
Remedios,REMEDIOS
Retiro,RETIRO
Rionegro,RIONEGRO
Sabanalarga,SABANALARGA
Sabaneta,SABANETA
Salgar,SALGAR
San Andrés de Cuerquía,SAN ANDRÉS DE CUERQUÍA
San Carlos,SAN CARLOS
San Francisco,SAN FRANCISCO
San Jerónimo,SAN JERÓNIMO
San José de la Montaña,SAN JOSÉ DE LA MONTAÑA
San Juan de Urabá,SAN JUAN DE URABÁ
San Luis,SAN LUIS
San Pedro de los Milagros,SAN PEDRO DE LOS MILAGROS
San Pedro de Uraba,SAN PEDRO DE URABA
San Rafael,SAN RAFAEL
San Roque,SAN ROQUE
San Vicente,SAN VICENTE
Santa Bárbara,SANTA BÁRBARA
Santa Rosa de Osos,SANTA ROSA DE OSOS
Santo Domingo,SANTO DOMINGO
El Santuario,EL SANTUARIO
Segovia,SEGOVIA
Sonson,SONSON
Sopetrán,SOPETRÁN
Támesis,TÁMESIS
Tarazá,TARAZÁ
Tarso,TARSO
Titiribí,TITIRIBÍ
Toledo,TOLEDO
Turbo,TURBO
Uramita,URAMITA
Urrao,URRAO
Valdivia,VALDIVIA
Valparaíso,VALPARAÍSO
Vegachí,VEGACHÍ
Venecia,VENECIA
Vigía del Fuerte,VIGÍA DEL FUERTE
Yalí,YALÍ
Yarumal,YARUMAL
Yolombó,YOLOMBÓ
Yondó,YONDÓ
Zaragoza,ZARAGOZA
Barranquilla,BARRANQUILLA
Baranoa,BARANOA
Campo de la Cruz,CAMPO DE LA CRUZ
Candelaria,CANDELARIA
Galapa,GALAPA
Juan de Acosta,JUAN DE ACOSTA
Luruaco,LURUACO
Malambo,MALAMBO
Manatí,MANATÍ
Palmar de Varela,PALMAR DE VARELA
Piojó,PIOJÓ
Polonuevo,POLONUEVO
Ponedera,PONEDERA
Puerto Colombia,PUERTO COLOMBIA
Repelón,REPELÓN
Sabanagrande,SABANAGRANDE
Sabanalarga,SABANALARGA
Santa Lucía,SANTA LUCÍA
Santo Tomás,SANTO TOMÁS
Soledad,SOLEDAD
Suan,SUAN
Tubará,TUBARÁ
Usiacurí,USIACURÍ
"Bogotá, D.C.","BOGOTÁ, D.C."
Cartagena,CARTAGENA
Achí,ACHÍ
Altos del Rosario,ALTOS DEL ROSARIO
Arenal,ARENAL
Arjona,ARJONA
Arroyohondo,ARROYOHONDO
Barranco de Loba,BARRANCO DE LOBA
Calamar,CALAMAR
Cantagallo,CANTAGALLO
Cicuco,CICUCO
Córdoba,CÓRDOBA
Clemencia,CLEMENCIA
El Carmen de Bolívar,EL CARMEN DE BOLÍVAR
El Guamo,EL GUAMO
El Peñón,EL PEÑÓN
Hatillo de Loba,HATILLO DE LOBA
Magangué,MAGANGUÉ
Mahates,MAHATES
Margarita,MARGARITA
María la Baja,MARÍA LA BAJA
Montecristo,MONTECRISTO
Mompós,MOMPÓS
Morales,MORALES
Norosí,NOROSÍ
Pinillos,PINILLOS
Regidor,REGIDOR
Río Viejo,RÍO VIEJO
San Cristóbal,SAN CRISTÓBAL
San Estanislao,SAN ESTANISLAO
San Fernando,SAN FERNANDO
San Jacinto,SAN JACINTO
San Jacinto del Cauca,SAN JACINTO DEL CAUCA
San Juan Nepomuceno,SAN JUAN NEPOMUCENO
San Martín de Loba,SAN MARTÍN DE LOBA
San Pablo,SAN PABLO
Santa Catalina,SANTA CATALINA
Santa Rosa,SANTA ROSA
Santa Rosa del Sur,SANTA ROSA DEL SUR
Simití,SIMITÍ
Soplaviento,SOPLAVIENTO
Talaigua Nuevo,TALAIGUA NUEVO
Tiquisio,TIQUISIO
Turbaco,TURBACO
Turbaná,TURBANÁ
Villanueva,VILLANUEVA
Zambrano,ZAMBRANO
Tunja,TUNJA
Almeida,ALMEIDA
Aquitania,AQUITANIA
Arcabuco,ARCABUCO
Belén,BELÉN
Berbeo,BERBEO
Betéitiva,BETÉITIVA
Boavita,BOAVITA
Boyacá,BOYACÁ
Briceño,BRICEÑO
Buenavista,BUENAVISTA
Busbanzá,BUSBANZÁ
Caldas,CALDAS
Campohermoso,CAMPOHERMOSO
Cerinza,CERINZA
Chinavita,CHINAVITA
Chiquinquirá,CHIQUINQUIRÁ
Chiscas,CHISCAS
Chita,CHITA
Chitaraque,CHITARAQUE
Chivatá,CHIVATÁ
Ciénega,CIÉNEGA
Cómbita,CÓMBITA
Coper,COPER
Corrales,CORRALES
Covarachía,COVARACHÍA
Cubará,CUBARÁ
Cucaita,CUCAITA
Cuítiva,CUÍTIVA
Chíquiza,CHÍQUIZA
Chivor,CHIVOR
Duitama,DUITAMA
El Cocuy,EL COCUY
El Espino,EL ESPINO
Firavitoba,FIRAVITOBA
Floresta,FLORESTA
Gachantivá,GACHANTIVÁ
Gameza,GAMEZA
Garagoa,GARAGOA
Guacamayas,GUACAMAYAS
Guateque,GUATEQUE
Guayatá,GUAYATÁ
Gãœicán,GÃœICÁN
Iza,IZA
Jenesano,JENESANO
Jericó,JERICÓ
Labranzagrande,LABRANZAGRANDE
La Capilla,LA CAPILLA
La Victoria,LA VICTORIA
La Uvita,LA UVITA
Villa de Leyva,VILLA DE LEYVA
Macanal,MACANAL
Maripí,MARIPÍ
Miraflores,MIRAFLORES
Mongua,MONGUA
Monguí,MONGUÍ
Moniquirá,MONIQUIRÁ
Motavita,MOTAVITA
Muzo,MUZO
Nobsa,NOBSA
Nuevo Colón,NUEVO COLÓN
Oicatá,OICATÁ
Otanche,OTANCHE
Pachavita,PACHAVITA
Páez,PÁEZ
Paipa,PAIPA
Pajarito,PAJARITO
Panqueba,PANQUEBA
Pauna,PAUNA
Paya,PAYA
Paz de Río,PAZ DE RÍO
Pesca,PESCA
Pisba,PISBA
Puerto Boyacá,PUERTO BOYACÁ
Quípama,QUÍPAMA
Ramiriquí,RAMIRIQUÍ
Ráquira,RÁQUIRA
Rondón,RONDÓN
Saboyá,SABOYÁ
Sáchica,SÁCHICA
Samacá,SAMACÁ
San Eduardo,SAN EDUARDO
San José de Pare,SAN JOSÉ DE PARE
San Luis de Gaceno,SAN LUIS DE GACENO
San Mateo,SAN MATEO
San Miguel de Sema,SAN MIGUEL DE SEMA
San Pablo de Borbur,SAN PABLO DE BORBUR
Santana,SANTANA
Santa María,SANTA MARÍA
Santa Rosa de Viterbo,SANTA ROSA DE VITERBO
Santa Sofía,SANTA SOFÍA
Sativanorte,SATIVANORTE
Sativasur,SATIVASUR
Siachoque,SIACHOQUE
Soatá,SOATÁ
Socotá,SOCOTÁ
Socha,SOCHA
Sogamoso,SOGAMOSO
Somondoco,SOMONDOCO
Sora,SORA
Sotaquirá,SOTAQUIRÁ
Soracá,SORACÁ
Susacón,SUSACÓN
Sutamarchán,SUTAMARCHÁN
Sutatenza,SUTATENZA
Tasco,TASCO
Tenza,TENZA
Tibaná,TIBANÁ
Tibasosa,TIBASOSA
Tinjacá,TINJACÁ
Tipacoque,TIPACOQUE
Toca,TOCA
Togãœí,TOGÃœÍ
Tópaga,TÓPAGA
Tota,TOTA
Tununguá,TUNUNGUÁ
Turmequé,TURMEQUÉ
Tuta,TUTA
Tutazá,TUTAZÁ
Umbita,UMBITA
Ventaquemada,VENTAQUEMADA
Viracachá,VIRACACHÁ
Zetaquira,ZETAQUIRA
Manizales,MANIZALES
Aguadas,AGUADAS
Anserma,ANSERMA
Aranzazu,ARANZAZU
Belalcázar,BELALCÁZAR
Chinchiná,CHINCHINÁ
Filadelfia,FILADELFIA
La Dorada,LA DORADA
La Merced,LA MERCED
Manzanares,MANZANARES
Marmato,MARMATO
Marquetalia,MARQUETALIA
Marulanda,MARULANDA
Neira,NEIRA
Norcasia,NORCASIA
Pácora,PÁCORA
Palestina,PALESTINA
Pensilvania,PENSILVANIA
Riosucio,RIOSUCIO
Risaralda,RISARALDA
Salamina,SALAMINA
Samaná,SAMANÁ
San José,SAN JOSÉ
Supía,SUPÍA
Victoria,VICTORIA
Villamaría,VILLAMARÍA
Viterbo,VITERBO
Florencia,FLORENCIA
Albania,ALBANIA
Belén de los Andaquíes,BELÉN DE LOS ANDAQUÍES
Cartagena del Chairá,CARTAGENA DEL CHAIRÁ
Curillo,CURILLO
El Doncello,EL DONCELLO
El Paujil,EL PAUJIL
La Montañita,LA MONTAÑITA
Milán,MILÁN
Morelia,MORELIA
Puerto Rico,PUERTO RICO
San José del Fragua,SAN JOSÉ DEL FRAGUA
San Vicente del Caguán,SAN VICENTE DEL CAGUÁN
Solano,SOLANO
Solita,SOLITA
Valparaíso,VALPARAÍSO
Popayán,POPAYÁN
Almaguer,ALMAGUER
Argelia,ARGELIA
Balboa,BALBOA
Bolívar,BOLÍVAR
Buenos Aires,BUENOS AIRES
Cajibío,CAJIBÍO
Caldono,CALDONO
Caloto,CALOTO
Corinto,CORINTO
El Tambo,EL TAMBO
Florencia,FLORENCIA
Guachené,GUACHENÉ
Guapi,GUAPI
Inzá,INZÁ
Jambaló,JAMBALÓ
La Sierra,LA SIERRA
La Vega,LA VEGA
López,LÓPEZ
Mercaderes,MERCADERES
Miranda,MIRANDA
Morales,MORALES
Padilla,PADILLA
Paez,PAEZ
Patía,PATÍA
Piamonte,PIAMONTE
Piendamó,PIENDAMÓ
Puerto Tejada,PUERTO TEJADA
Puracé,PURACÉ
Rosas,ROSAS
San Sebastián,SAN SEBASTIÁN
Santander de Quilichao,SANTANDER DE QUILICHAO
Santa Rosa,SANTA ROSA
Silvia,SILVIA
Sotara,SOTARA
Suárez,SUÁREZ
Sucre,SUCRE
Timbío,TIMBÍO
Timbiquí,TIMBIQUÍ
Toribio,TORIBIO
Totoró,TOTORÓ
Villa Rica,VILLA RICA
Valledupar,VALLEDUPAR
Aguachica,AGUACHICA
Agustín Codazzi,AGUSTÍN CODAZZI
Astrea,ASTREA
Becerril,BECERRIL
Bosconia,BOSCONIA
Chimichagua,CHIMICHAGUA
Chiriguaná,CHIRIGUANÁ
Curumaní,CURUMANÍ
El Copey,EL COPEY
El Paso,EL PASO
Gamarra,GAMARRA
González,GONZÁLEZ
La Gloria,LA GLORIA
La Jagua de Ibirico,LA JAGUA DE IBIRICO
Manaure,MANAURE
Pailitas,PAILITAS
Pelaya,PELAYA
Pueblo Bello,PUEBLO BELLO
Río de Oro,RÍO DE ORO
La Paz,LA PAZ
San Alberto,SAN ALBERTO
San Diego,SAN DIEGO
San Martín,SAN MARTÍN
Tamalameque,TAMALAMEQUE
Montería,MONTERÍA
Ayapel,AYAPEL
Buenavista,BUENAVISTA
Canalete,CANALETE
Cereté,CERETÉ
Chimá,CHIMÁ
Chinú,CHINÚ
Ciénaga de Oro,CIÉNAGA DE ORO
Cotorra,COTORRA
La Apartada,LA APARTADA
Lorica,LORICA
Los Córdobas,LOS CÓRDOBAS
Momil,MOMIL
Montelíbano,MONTELÍBANO
Moñitos,MOÑITOS
Planeta Rica,PLANETA RICA
Pueblo Nuevo,PUEBLO NUEVO
Puerto Escondido,PUERTO ESCONDIDO
Puerto Libertador,PUERTO LIBERTADOR
Purísima,PURÍSIMA
Sahagún,SAHAGÚN
San Andrés Sotavento,SAN ANDRÉS SOTAVENTO
San Antero,SAN ANTERO
San Bernardo del Viento,SAN BERNARDO DEL VIENTO
San Carlos,SAN CARLOS
San José de Uré,SAN JOSÉ DE URÉ
San Pelayo,SAN PELAYO
Tierralta,TIERRALTA
Tuchín,TUCHÍN
Valencia,VALENCIA
Agua de Dios,AGUA DE DIOS
Albán,ALBÁN
Anapoima,ANAPOIMA
Anolaima,ANOLAIMA
Arbeláez,ARBELÁEZ
Beltrán,BELTRÁN
Bituima,BITUIMA
Bojacá,BOJACÁ
Cabrera,CABRERA
Cachipay,CACHIPAY
Cajicá,CAJICÁ
Caparrapí,CAPARRAPÍ
Caqueza,CAQUEZA
Carmen de Carupa,CARMEN DE CARUPA
Chaguaní,CHAGUANÍ
Chía,CHÍA
Chipaque,CHIPAQUE
Choachí,CHOACHÍ
Chocontá,CHOCONTÁ
Cogua,COGUA
Cota,COTA
Cucunubá,CUCUNUBÁ
El Colegio,EL COLEGIO
El Peñón,EL PEÑÓN
El Rosal,EL ROSAL
Facatativá,FACATATIVÁ
Fomeque,FOMEQUE
Fosca,FOSCA
Funza,FUNZA
Fúquene,FÚQUENE
Fusagasugá,FUSAGASUGÁ
Gachala,GACHALA
Gachancipá,GACHANCIPÁ
Gachetá,GACHETÁ
Gama,GAMA
Girardot,GIRARDOT
Granada,GRANADA
Guachetá,GUACHETÁ
Guaduas,GUADUAS
Guasca,GUASCA
Guataquí,GUATAQUÍ
Guatavita,GUATAVITA
Guayabal de Siquima,GUAYABAL DE SIQUIMA
Guayabetal,GUAYABETAL
Gutiérrez,GUTIÉRREZ
Jerusalén,JERUSALÉN
Junín,JUNÍN
La Calera,LA CALERA
La Mesa,LA MESA
La Palma,LA PALMA
La Peña,LA PEÑA
La Vega,LA VEGA
Lenguazaque,LENGUAZAQUE
Macheta,MACHETA
Madrid,MADRID
Manta,MANTA
Medina,MEDINA
Mosquera,MOSQUERA
Nariño,NARIÑO
Nemocón,NEMOCÓN
Nilo,NILO
Nimaima,NIMAIMA
Nocaima,NOCAIMA
Venecia,VENECIA
Pacho,PACHO
Paime,PAIME
Pandi,PANDI
Paratebueno,PARATEBUENO
Pasca,PASCA
Puerto Salgar,PUERTO SALGAR
Pulí,PULÍ
Quebradanegra,QUEBRADANEGRA
Quetame,QUETAME
Quipile,QUIPILE
Apulo,APULO
Ricaurte,RICAURTE
San Antonio del Tequendama,SAN ANTONIO DEL TEQUENDAMA
San Bernardo,SAN BERNARDO
San Cayetano,SAN CAYETANO
San Francisco,SAN FRANCISCO
San Juan de Río Seco,SAN JUAN DE RÍO SECO
Sasaima,SASAIMA
Sesquilé,SESQUILÉ
Sibaté,SIBATÉ
Silvania,SILVANIA
Simijaca,SIMIJACA
Soacha,SOACHA
Sopó,SOPÓ
Subachoque,SUBACHOQUE
Suesca,SUESCA
Supatá,SUPATÁ
Susa,SUSA
Sutatausa,SUTATAUSA
Tabio,TABIO
Tausa,TAUSA
Tena,TENA
Tenjo,TENJO
Tibacuy,TIBACUY
Tibirita,TIBIRITA
Tocaima,TOCAIMA
Tocancipá,TOCANCIPÁ
Topaipí,TOPAIPÍ
Ubalá,UBALÁ
Ubaque,UBAQUE
Villa de San Diego de Ubate,VILLA DE SAN DIEGO DE UBATE
Une,UNE
Útica,ÚTICA
Vergara,VERGARA
Vianí,VIANÍ
Villagómez,VILLAGÓMEZ
Villapinzón,VILLAPINZÓN
Villeta,VILLETA
Viotá,VIOTÁ
Yacopí,YACOPÍ
Zipacón,ZIPACÓN
Zipaquirá,ZIPAQUIRÁ
Quibdó,QUIBDÓ
Acandí,ACANDÍ
Alto Baudó,ALTO BAUDÓ
Atrato,ATRATO
Bagadó,BAGADÓ
Bahía Solano,BAHÍA SOLANO
Bajo Baudó,BAJO BAUDÓ
Bojaya,BOJAYA
El Cantón del San Pablo,EL CANTÓN DEL SAN PABLO
Carmen del Darien,CARMEN DEL DARIEN
Cértegui,CÉRTEGUI
Condoto,CONDOTO
El Carmen de Atrato,EL CARMEN DE ATRATO
El Litoral del San Juan,EL LITORAL DEL SAN JUAN
Istmina,ISTMINA
Juradó,JURADÓ
Lloró,LLORÓ
Medio Atrato,MEDIO ATRATO
Medio Baudó,MEDIO BAUDÓ
Medio San Juan,MEDIO SAN JUAN
Nóvita,NÓVITA
Nuquí,NUQUÍ
Río Iró,RÍO IRÓ
Río Quito,RÍO QUITO
Riosucio,RIOSUCIO
San José del Palmar,SAN JOSÉ DEL PALMAR
Sipí,SIPÍ
Tadó,TADÓ
Unguía,UNGUÍA
Unión Panamericana,UNIÓN PANAMERICANA
Neiva,NEIVA
Acevedo,ACEVEDO
Agrado,AGRADO
Aipe,AIPE
Algeciras,ALGECIRAS
Altamira,ALTAMIRA
Baraya,BARAYA
Campoalegre,CAMPOALEGRE
Colombia,COLOMBIA
Elías,ELÍAS
Garzón,GARZÓN
Gigante,GIGANTE
Guadalupe,GUADALUPE
Hobo,HOBO
Iquira,IQUIRA
Isnos,ISNOS
La Argentina,LA ARGENTINA
La Plata,LA PLATA
Nátaga,NÁTAGA
Oporapa,OPORAPA
Paicol,PAICOL
Palermo,PALERMO
Palestina,PALESTINA
Pital,PITAL
Pitalito,PITALITO
Rivera,RIVERA
Saladoblanco,SALADOBLANCO
San Agustín,SAN AGUSTÍN
Santa María,SANTA MARÍA
Suaza,SUAZA
Tarqui,TARQUI
Tesalia,TESALIA
Tello,TELLO
Teruel,TERUEL
Timaná,TIMANÁ
Villavieja,VILLAVIEJA
Yaguará,YAGUARÁ
Riohacha,RIOHACHA
Albania,ALBANIA
Barrancas,BARRANCAS
Dibulla,DIBULLA
Distracción,DISTRACCIÓN
El Molino,EL MOLINO
Fonseca,FONSECA
Hatonuevo,HATONUEVO
La Jagua del Pilar,LA JAGUA DEL PILAR
Maicao,MAICAO
Manaure,MANAURE
San Juan del Cesar,SAN JUAN DEL CESAR
Uribia,URIBIA
Urumita,URUMITA
Villanueva,VILLANUEVA
Santa Marta,SANTA MARTA
Algarrobo,ALGARROBO
Aracataca,ARACATACA
Ariguaní,ARIGUANÍ
Cerro San Antonio,CERRO SAN ANTONIO
Chibolo,CHIBOLO
Ciénaga,CIÉNAGA
Concordia,CONCORDIA
El Banco,EL BANCO
El Piñon,EL PIÑON
El Retén,EL RETÉN
Fundación,FUNDACIÓN
Guamal,GUAMAL
Nueva Granada,NUEVA GRANADA
Pedraza,PEDRAZA
Pijiño del Carmen,PIJIÑO DEL CARMEN
Pivijay,PIVIJAY
Plato,PLATO
Puebloviejo,PUEBLOVIEJO
Remolino,REMOLINO
Sabanas de San Angel,SABANAS DE SAN ANGEL
Salamina,SALAMINA
San Sebastián de Buenavista,SAN SEBASTIÁN DE BUENAVISTA
San Zenón,SAN ZENÓN
Santa Ana,SANTA ANA
Santa Bárbara de Pinto,SANTA BÁRBARA DE PINTO
Sitionuevo,SITIONUEVO
Tenerife,TENERIFE
Zapayán,ZAPAYÁN
Zona Bananera,ZONA BANANERA
Villavicencio,VILLAVICENCIO
Acacías,ACACÍAS
Barranca de Upía,BARRANCA DE UPÍA
Cabuyaro,CABUYARO
Castilla la Nueva,CASTILLA LA NUEVA
Cubarral,CUBARRAL
Cumaral,CUMARAL
El Calvario,EL CALVARIO
El Castillo,EL CASTILLO
El Dorado,EL DORADO
Fuente de Oro,FUENTE DE ORO
Granada,GRANADA
Guamal,GUAMAL
Mapiripán,MAPIRIPÁN
Mesetas,MESETAS
La Macarena,LA MACARENA
Uribe,URIBE
Lejanías,LEJANÍAS
Puerto Concordia,PUERTO CONCORDIA
Puerto Gaitán,PUERTO GAITÁN
Puerto López,PUERTO LÓPEZ
Puerto Lleras,PUERTO LLERAS
Puerto Rico,PUERTO RICO
Restrepo,RESTREPO
San Carlos de Guaroa,SAN CARLOS DE GUAROA
San Juan de Arama,SAN JUAN DE ARAMA
San Juanito,SAN JUANITO
San Martín,SAN MARTÍN
Vistahermosa,VISTAHERMOSA
Pasto,PASTO
Albán,ALBÁN
Aldana,ALDANA
Ancuyá,ANCUYÁ
Arboleda,ARBOLEDA
Barbacoas,BARBACOAS
Belén,BELÉN
Buesaco,BUESACO
Colón,COLÓN
Consaca,CONSACA
Contadero,CONTADERO
Córdoba,CÓRDOBA
Cuaspud,CUASPUD
Cumbal,CUMBAL
Cumbitara,CUMBITARA
Chachagãœí,CHACHAGÃœÍ
El Charco,EL CHARCO
El Peñol,EL PEÑOL
El Rosario,EL ROSARIO
El Tablón de Gómez,EL TABLÓN DE GÓMEZ
El Tambo,EL TAMBO
Funes,FUNES
Guachucal,GUACHUCAL
Guaitarilla,GUAITARILLA
Gualmatán,GUALMATÁN
Iles,ILES
Imués,IMUÉS
Ipiales,IPIALES
La Cruz,LA CRUZ
La Florida,LA FLORIDA
La Llanada,LA LLANADA
La Tola,LA TOLA
La Unión,LA UNIÓN
Leiva,LEIVA
Linares,LINARES
Los Andes,LOS ANDES
Magãœi,MAGÃœI
Mallama,MALLAMA
Mosquera,MOSQUERA
Nariño,NARIÑO
Olaya Herrera,OLAYA HERRERA
Ospina,OSPINA
Francisco Pizarro,FRANCISCO PIZARRO
Policarpa,POLICARPA
Potosí,POTOSÍ
Providencia,PROVIDENCIA
Puerres,PUERRES
Pupiales,PUPIALES
Ricaurte,RICAURTE
Roberto Payán,ROBERTO PAYÁN
Samaniego,SAMANIEGO
Sandoná,SANDONÁ
San Bernardo,SAN BERNARDO
San Lorenzo,SAN LORENZO
San Pablo,SAN PABLO
San Pedro de Cartago,SAN PEDRO DE CARTAGO
Santa Bárbara,SANTA BÁRBARA
Santacruz,SANTACRUZ
Sapuyes,SAPUYES
Taminango,TAMINANGO
Tangua,TANGUA
San Andres de Tumaco,SAN ANDRES DE TUMACO
Túquerres,TÚQUERRES
Yacuanquer,YACUANQUER
Cúcuta,CÚCUTA
Abrego,ABREGO
Arboledas,ARBOLEDAS
Bochalema,BOCHALEMA
Bucarasica,BUCARASICA
Cácota,CÁCOTA
Cachirá,CACHIRÁ
Chinácota,CHINÁCOTA
Chitagá,CHITAGÁ
Convención,CONVENCIÓN
Cucutilla,CUCUTILLA
Durania,DURANIA
El Carmen,EL CARMEN
El Tarra,EL TARRA
El Zulia,EL ZULIA
Gramalote,GRAMALOTE
Hacarí,HACARÍ
Herrán,HERRÁN
Labateca,LABATECA
La Esperanza,LA ESPERANZA
La Playa,LA PLAYA
Los Patios,LOS PATIOS
Lourdes,LOURDES
Mutiscua,MUTISCUA
Ocaña,OCAÑA
Pamplona,PAMPLONA
Pamplonita,PAMPLONITA
Puerto Santander,PUERTO SANTANDER
Ragonvalia,RAGONVALIA
Salazar,SALAZAR
San Calixto,SAN CALIXTO
San Cayetano,SAN CAYETANO
Santiago,SANTIAGO
Sardinata,SARDINATA
Silos,SILOS
Teorama,TEORAMA
Tibú,TIBÚ
Toledo,TOLEDO
Villa Caro,VILLA CARO
Villa del Rosario,VILLA DEL ROSARIO
Armenia,ARMENIA
Buenavista,BUENAVISTA
Calarca,CALARCA
Circasia,CIRCASIA
Córdoba,CÓRDOBA
Filandia,FILANDIA
Génova,GÉNOVA
La Tebaida,LA TEBAIDA
Montenegro,MONTENEGRO
Pijao,PIJAO
Quimbaya,QUIMBAYA
Salento,SALENTO
Pereira,PEREIRA
Apía,APÍA
Balboa,BALBOA
Belén de Umbría,BELÉN DE UMBRÍA
Dosquebradas,DOSQUEBRADAS
Guática,GUÁTICA
La Celia,LA CELIA
La Virginia,LA VIRGINIA
Marsella,MARSELLA
Mistrató,MISTRATÓ
Pueblo Rico,PUEBLO RICO
Quinchía,QUINCHÍA
Santa Rosa de Cabal,SANTA ROSA DE CABAL
Santuario,SANTUARIO
Bucaramanga,BUCARAMANGA
Aguada,AGUADA
Albania,ALBANIA
Aratoca,ARATOCA
Barbosa,BARBOSA
Barichara,BARICHARA
Barrancabermeja,BARRANCABERMEJA
Betulia,BETULIA
Bolívar,BOLÍVAR
Cabrera,CABRERA
California,CALIFORNIA
Capitanejo,CAPITANEJO
Carcasí,CARCASÍ
Cepitá,CEPITÁ
Cerrito,CERRITO
Charalá,CHARALÁ
Charta,CHARTA
Chima,CHIMA
Chipatá,CHIPATÁ
Cimitarra,CIMITARRA
Concepción,CONCEPCIÓN
Confines,CONFINES
Contratación,CONTRATACIÓN
Coromoro,COROMORO
Curití,CURITÍ
El Carmen de Chucurí,EL CARMEN DE CHUCURÍ
El Guacamayo,EL GUACAMAYO
El Peñón,EL PEÑÓN
El Playón,EL PLAYÓN
Encino,ENCINO
Enciso,ENCISO
Florián,FLORIÁN
Floridablanca,FLORIDABLANCA
Galán,GALÁN
Gambita,GAMBITA
Girón,GIRÓN
Guaca,GUACA
Guadalupe,GUADALUPE
Guapotá,GUAPOTÁ
Guavatá,GUAVATÁ
Gãœepsa,GÃœEPSA
Hato,HATO
Jesús María,JESÚS MARÍA
Jordán,JORDÁN
La Belleza,LA BELLEZA
Landázuri,LANDÁZURI
La Paz,LA PAZ
Lebrija,LEBRIJA
Los Santos,LOS SANTOS
Macaravita,MACARAVITA
Málaga,MÁLAGA
Matanza,MATANZA
Mogotes,MOGOTES
Molagavita,MOLAGAVITA
Ocamonte,OCAMONTE
Oiba,OIBA
Onzaga,ONZAGA
Palmar,PALMAR
Palmas del Socorro,PALMAS DEL SOCORRO
Páramo,PÁRAMO
Piedecuesta,PIEDECUESTA
Pinchote,PINCHOTE
Puente Nacional,PUENTE NACIONAL
Puerto Parra,PUERTO PARRA
Puerto Wilches,PUERTO WILCHES
Rionegro,RIONEGRO
Sabana de Torres,SABANA DE TORRES
San Andrés,SAN ANDRÉS
San Benito,SAN BENITO
San Gil,SAN GIL
San Joaquín,SAN JOAQUÍN
San José de Miranda,SAN JOSÉ DE MIRANDA
San Miguel,SAN MIGUEL
San Vicente de Chucurí,SAN VICENTE DE CHUCURÍ
Santa Bárbara,SANTA BÁRBARA
Santa Helena del Opón,SANTA HELENA DEL OPÓN
Simacota,SIMACOTA
Socorro,SOCORRO
Suaita,SUAITA
Sucre,SUCRE
Suratá,SURATÁ
Tona,TONA
Valle de San José,VALLE DE SAN JOSÉ
Vélez,VÉLEZ
Vetas,VETAS
Villanueva,VILLANUEVA
Zapatoca,ZAPATOCA
Sincelejo,SINCELEJO
Buenavista,BUENAVISTA
Caimito,CAIMITO
Coloso,COLOSO
Corozal,COROZAL
Coveñas,COVEÑAS
Chalán,CHALÁN
El Roble,EL ROBLE
Galeras,GALERAS
Guaranda,GUARANDA
La Unión,LA UNIÓN
Los Palmitos,LOS PALMITOS
Majagual,MAJAGUAL
Morroa,MORROA
Ovejas,OVEJAS
Palmito,PALMITO
Sampués,SAMPUÉS
San Benito Abad,SAN BENITO ABAD
San Juan de Betulia,SAN JUAN DE BETULIA
San Marcos,SAN MARCOS
San Onofre,SAN ONOFRE
San Pedro,SAN PEDRO
San Luis de Sincé,SAN LUIS DE SINCÉ
Sucre,SUCRE
Santiago de Tolú,SANTIAGO DE TOLÚ
Tolú Viejo,TOLÚ VIEJO
Ibagué,IBAGUÉ
Alpujarra,ALPUJARRA
Alvarado,ALVARADO
Ambalema,AMBALEMA
Anzoátegui,ANZOÁTEGUI
Armero,ARMERO
Ataco,ATACO
Cajamarca,CAJAMARCA
Carmen de Apicalá,CARMEN DE APICALÁ
Casabianca,CASABIANCA
Chaparral,CHAPARRAL
Coello,COELLO
Coyaima,COYAIMA
Cunday,CUNDAY
Dolores,DOLORES
Espinal,ESPINAL
Falan,FALAN
Flandes,FLANDES
Fresno,FRESNO
Guamo,GUAMO
Herveo,HERVEO
Honda,HONDA
Icononzo,ICONONZO
Lérida,LÉRIDA
Líbano,LÍBANO
San Sebastián de Mariquita,SAN SEBASTIÁN DE MARIQUITA
Melgar,MELGAR
Murillo,MURILLO
Natagaima,NATAGAIMA
Ortega,ORTEGA
Palocabildo,PALOCABILDO
Piedras,PIEDRAS
Planadas,PLANADAS
Prado,PRADO
Purificación,PURIFICACIÓN
Rioblanco,RIOBLANCO
Roncesvalles,RONCESVALLES
Rovira,ROVIRA
Saldaña,SALDAÑA
San Antonio,SAN ANTONIO
San Luis,SAN LUIS
Santa Isabel,SANTA ISABEL
Suárez,SUÁREZ
Valle de San Juan,VALLE DE SAN JUAN
Venadillo,VENADILLO
Villahermosa,VILLAHERMOSA
Villarrica,VILLARRICA
Cali,CALI
Alcalá,ALCALÁ
Andalucía,ANDALUCÍA
Ansermanuevo,ANSERMANUEVO
Argelia,ARGELIA
Bolívar,BOLÍVAR
Buenaventura,BUENAVENTURA
Guadalajara de Buga,GUADALAJARA DE BUGA
Bugalagrande,BUGALAGRANDE
Caicedonia,CAICEDONIA
Calima,CALIMA
Candelaria,CANDELARIA
Cartago,CARTAGO
Dagua,DAGUA
El Águila,EL ÁGUILA
El Cairo,EL CAIRO
El Cerrito,EL CERRITO
El Dovio,EL DOVIO
Florida,FLORIDA
Ginebra,GINEBRA
Guacarí,GUACARÍ
Jamundí,JAMUNDÍ
La Cumbre,LA CUMBRE
La Unión,LA UNIÓN
La Victoria,LA VICTORIA
Obando,OBANDO
Palmira,PALMIRA
Pradera,PRADERA
Restrepo,RESTREPO
Riofrío,RIOFRÍO
Roldanillo,ROLDANILLO
San Pedro,SAN PEDRO
Sevilla,SEVILLA
Toro,TORO
Trujillo,TRUJILLO
Tuluá,TULUÁ
Ulloa,ULLOA
Versalles,VERSALLES
Vijes,VIJES
Yotoco,YOTOCO
Yumbo,YUMBO
Zarzal,ZARZAL
Arauca,ARAUCA
Arauquita,ARAUQUITA
Cravo Norte,CRAVO NORTE
Fortul,FORTUL
Puerto Rondón,PUERTO RONDÓN
Saravena,SARAVENA
Tame,TAME
Yopal,YOPAL
Aguazul,AGUAZUL
Chameza,CHAMEZA
Hato Corozal,HATO COROZAL
La Salina,LA SALINA
Maní,MANÍ
Monterrey,MONTERREY
Nunchía,NUNCHÍA
Orocué,OROCUÉ
Paz de Ariporo,PAZ DE ARIPORO
Pore,PORE
Recetor,RECETOR
Sabanalarga,SABANALARGA
Sácama,SÁCAMA
San Luis de Palenque,SAN LUIS DE PALENQUE
Támara,TÁMARA
Tauramena,TAURAMENA
Trinidad,TRINIDAD
Villanueva,VILLANUEVA
Mocoa,MOCOA
Colón,COLÓN
Orito,ORITO
Puerto Asís,PUERTO ASÍS
Puerto Caicedo,PUERTO CAICEDO
Puerto Guzmán,PUERTO GUZMÁN
Puerto Leguízamo,PUERTO LEGUÍZAMO
Sibundoy,SIBUNDOY
San Francisco,SAN FRANCISCO
San Miguel,SAN MIGUEL
Santiago,SANTIAGO
Valle del Guamuez,VALLE DEL GUAMUEZ
Villagarzón,VILLAGARZÓN
Providencia,PROVIDENCIA
Leticia,LETICIA
Puerto Nariño,PUERTO NARIÑO
Inírida,INÍRIDA
San José del Guaviare,SAN JOSÉ DEL GUAVIARE
Calamar,CALAMAR
El Retorno,EL RETORNO
Miraflores,MIRAFLORES
Mitú,MITÚ
Caruru,CARURU
Taraira,TARAIRA
Puerto Carreño,PUERTO CARREÑO
La Primavera,LA PRIMAVERA
Santa Rosalía,SANTA ROSALÍA
Cumaribo,CUMARIBO
